  <path id="classpath">
    <pathelement location="${xercesImpl.jar}"/>
    <pathelement location="${xmlParserAPIs.jar}"/>
    <pathelement location="${xalan.jar}"/>
    <pathelement location="${xml-apis.jar}"/>
    <pathelement location="${xerces.jar}"/>
    <pathelement location="${regexp.jar}"/>
    <pathelement location="${xmlunit.jar}"/>
    <pathelement location="${jsse.jar}"/>
    <pathelement location="${jimi.jar}"/>
    <pathelement location="${activation.jar}"/>
    <pathelement location="${mailapi.jar}"/>
    <pathelement location="${tools.jar}"/>
    <pathelement location="${j2ee.jar}"/>
    <pathelement location="${junit.jar}"/>
    <pathelement location="${servlet.jar}"/>
    <fileset dir="${lib.dir}">
        <include name="**/*.jar"/>
    </fileset>
    <pathelement path="${java.class.path}"/>
    <pathelement location="${build.dest}" />
    <pathelement location="${build.dir}/tools" />
    <pathelement location="${build.lib}/axis-ant.jar" />
    <pathelement location="${build.lib}/axis-schema.jar" />
<!--
    <pathelement location="${build.dir}/work" />
-->
  </path>

  <path id="boot.classpath">
    <fileset dir="${lib.dir}/endorsed">
        <include name="**/*.jar"/>
    </fileset>
    <pathelement path="${sun.boot.class.path}"/>
  </path>

